<?xml version="1.0"?>
<portlets>
 <!-- Modify existing portlet type registrations -->

 <portlet 
   addview="portlets.Calendar"
   extend=""
   >
   <for interface="zope.interface.Interface" remove="" />
   <for interface="plone.app.portlets.interfaces.IColumn" />
   <for interface="plone.app.portlets.interfaces.IDashboard" />
 </portlet>

 <portlet 
   addview="portlets.Classic"
   extend=""
   >
   <for interface="zope.interface.Interface" remove="" />
   <for interface="plone.app.portlets.interfaces.IColumn" /> 
   <for interface="plone.app.portlets.interfaces.IDashboard" />  
 </portlet>
 
 <portlet 
   addview="portlets.News"
   extend=""
   >
   <for interface="zope.interface.Interface" remove="" />
   <for interface="plone.app.portlets.interfaces.IColumn" /> 
   <for interface="plone.app.portlets.interfaces.IDashboard" />  
 </portlet>
  
 <portlet 
   addview="portlets.Events"
   extend=""
   >
   <for interface="zope.interface.Interface" remove="" />
   <for interface="plone.app.portlets.interfaces.IColumn" />
   <for interface="plone.app.portlets.interfaces.IDashboard" />
 </portlet>

 <portlet 
   addview="portlets.Recent"
   extend=""
   >
   <for interface="zope.interface.Interface" remove="" />
   <for interface="plone.app.portlets.interfaces.IColumn" />
   <for interface="plone.app.portlets.interfaces.IDashboard" />
 </portlet>

 <portlet 
   addview="portlets.Review"
   extend=""
   >
   <for interface="zope.interface.Interface" remove="" />
   <for interface="plone.app.portlets.interfaces.IColumn" />
   <for interface="plone.app.portlets.interfaces.IDashboard" />
 </portlet>

 <portlet 
   addview="portlets.rss"
   extend=""
   >
   <for interface="zope.interface.Interface" remove="" />
   <for interface="plone.app.portlets.interfaces.IColumn" />
   <for interface="plone.app.portlets.interfaces.IDashboard" />
 </portlet>

 <portlet 
   addview="portlets.Search"
   extend=""
   >
   <for interface="zope.interface.Interface" remove="" />
   <for interface="plone.app.portlets.interfaces.IColumn" />
   <for interface="plone.app.portlets.interfaces.IDashboard" />
 </portlet>

</portlets>
