<?xml version="1.0"?>
<object name="portal_properties" meta_type="Plone Properties Tool">
 <object name="navtree_properties" meta_type="Plone Property Sheet">
  <property name="title">NavigationTree properties</property>
  <property name="sortAttribute"
     type="string">getObjPositionInParent</property>
  <property name="sortOrder" type="string">asc</property>
  <property name="sitemapDepth" type="int">3</property>
  <property name="name" type="string"></property>
  <property name="root" type="string">/</property>
  <property name="currentFolderOnlyInNavtree" type="boolean">False</property>
  <property name="includeTop" type="boolean">True</property>
  <property name="topLevel" type="int">0</property>
  <property name="bottomLevel" type="int">0</property>
  <property name="showAllParents" type="boolean">True</property>
  <property name="idsNotToList" type="lines"/>
  <property name="parentMetaTypesNotToQuery" type="lines">
   <element value="TempFolder"/>
   <element value="Large Plone Folder"/>
  </property>
  <property name="metaTypesNotToList" type="lines">
   <element value="ATBooleanCriterion"/>
   <element value="ATDateCriteria"/>
   <element value="ATDateRangeCriterion"/>
   <element value="ATListCriterion"/>
   <element value="ATPortalTypeCriterion"/>
   <element value="ATReferenceCriterion"/>
   <element value="ATSelectionCriterion"/>
   <element value="ATSimpleIntCriterion"/>
   <element value="ATSimpleStringCriterion"/>
   <element value="ATSortCriterion"/>
   <element value="ChangeSet"/>
   <element value="Discussion Item"/>
   <element value="Plone Site"/>
   <element value="TempFolder"/>
   <element value="ATCurrentAuthorCriterion"/>
   <element value="ATPathCriterion"/>
   <element value="ATRelativePathCriterion"/>
  </property>
  <property name="enable_wf_state_filtering" type="boolean">False</property>
  <property name="wf_states_to_show" type="lines"/>
  
 </object>
 <object name="site_properties" meta_type="Plone Property Sheet">
  <property name="title">Site wide properties</property>
  <property name="allowAnonymousViewAbout" type="boolean">False</property>
  <property name="localTimeFormat" type="string">%b %d, %Y</property>
  <property name="localLongTimeFormat" type="string">%b %d, %Y %I:%M %p</property>
  <property name="localTimeOnlyFormat" type="string">%I:%M %p</property>
  <property name="default_language" type="string">en</property>
  <property name="default_charset" type="string">utf-8</property>
  <!-- BBB: use_folder_tabs is deprecated, but we leave it available until 
                Plone 4.0 -->
  <property name="use_folder_tabs" type="lines"> 
  </property> 
  <property name="ext_editor" type="boolean">False</property>
  <property name="available_editors" type="lines">
   <element value="None"/>
   <element value="Kupu"/>
  </property>
  <property name="allowRolesToAddKeywords" type="lines">
   <element value="Manager"/>
   <element value="Reviewer"/>
  </property>
  <property name="auth_cookie_length" type="int">0</property>
  <property name="calendar_starting_year" type="int">2001</property>
  <property name="calendar_future_years_available" type="int">5</property>
  <property name="invalid_ids" type="lines">
   <element value="actions"/>
  </property>
  <property name="default_page" type="lines">
   <element value="index_html"/>
   <element value="index.html"/>
   <element value="index.htm"/>
   <element value="FrontPage"/>
  </property>
  <property name="search_results_description_length" type="int">160</property>
  <property name="ellipsis" type="string">...</property>
  <property name="typesLinkToFolderContentsInFC" type="lines">
   <element value="Large Plone Folder"/>
   <element value="Folder"/>
  </property>
  <property name="visible_ids" type="boolean">False</property>
  <property name="exposeDCMetaTags" type="boolean">False</property>
  <property name="types_not_searched" type="lines">
   <element value="ATBooleanCriterion"/>
   <element value="ATDateCriteria"/>
   <element value="ATDateRangeCriterion"/>
   <element value="ATListCriterion"/>
   <element value="ATPortalTypeCriterion"/>
   <element value="ATReferenceCriterion"/>
   <element value="ATSelectionCriterion"/>
   <element value="ATSimpleIntCriterion"/>
   <element value="ATSimpleStringCriterion"/>
   <element value="ATSortCriterion"/>
   <element value="ChangeSet"/>
   <element value="Discussion Item"/>
   <element value="Plone Site"/>
   <element value="TempFolder"/>
   <element value="ATCurrentAuthorCriterion"/>
   <element value="ATPathCriterion"/>
   <element value="ATRelativePathCriterion"/>
  </property>
  <property name="disable_folder_sections" type="boolean">False</property>
  <property name="disable_nonfolderish_sections" type="boolean">False</property>
  <property name="typesUseViewActionInListings" type="lines">
   <element value="Image"/>
   <element value="File"/>
  </property>
  <property name="verify_login_name" type="boolean">True</property>
  <property name="many_users" type="boolean">False</property>
  <property name="many_groups" type="boolean">False</property>
  <property name="enable_livesearch" type="boolean">True</property>
  <property name="default_page_types" type="lines">
   <element value="Topic"/>
  </property>
  <property name="use_folder_contents" type="lines"/>
  <property name="forbidden_contenttypes" type="lines">
   <element value="text/structured"/>
   <element value="text/restructured"/>
   <element value="text/x-rst"/>
   <element value="text/plain"/>
   <element value="text/plain-pre"/>
   <element value="text/x-python"/>
   <element value="text/x-web-markdown"/>
   <element value="text/x-web-intelligent"/>
   <element value="text/x-web-textile"/>
   <element value="text/x-html-captioned"/>
  </property>
  <property name="default_contenttype" type="string">text/html</property>
  <property name="enable_sitemap" type="boolean">False</property>
  <property name="number_of_days_to_keep" type="int">7</property>
  <property name="enable_inline_editing" type="boolean">False</property>
  <property name="lock_on_ttw_edit" type="boolean">True</property>
  <property name="enable_link_integrity_checks" type="boolean">True</property>
  <property name="webstats_js" type="string"></property>
  <property name="external_links_open_new_window" type="string">false</property>
  <property name="icon_visibility" type="string">enabled</property>
  <property name="mark_special_links" type="string">false</property>
  <property name="redirect_links" type="boolean">True</property>
 </object>
</object>
