<?xml version="1.0"?>
<object name="portal_workflow" meta_type="Plone Workflow Tool">
 <property
    name="title">Contains workflow definitions for your portal</property>
 <object name="folder_workflow" meta_type="Workflow"/>
 <object name="plone_workflow" meta_type="Workflow"/>
 <object name="intranet_workflow" meta_type="Workflow"/>
 <object name="intranet_folder_workflow" meta_type="Workflow"/>
 <object name="one_state_workflow" meta_type="Workflow"/>
 <object name="simple_publication_workflow" meta_type="Workflow"/>
 <bindings>
  <default>
   <bound-workflow workflow_id="simple_publication_workflow"/>
  </default>
  <type type_id="ATBooleanCriterion"/>
  <type type_id="ATCurrentAuthorCriterion"/>
  <type type_id="ATDateCriteria"/>
  <type type_id="ATDateRangeCriterion"/>
  <type type_id="ATListCriterion"/>
  <type type_id="ATPathCriterion"/>
  <type type_id="ATRelativePathCriterion"/>
  <type type_id="ATPortalTypeCriterion"/>
  <type type_id="ATReferenceCriterion"/>
  <type type_id="ATSelectionCriterion"/>
  <type type_id="ATSimpleIntCriterion"/>
  <type type_id="ATSimpleStringCriterion"/>
  <type type_id="ATSortCriterion"/>
  <type type_id="Discussion Item"/>
  <type type_id="Plone Site"/>
  <type type_id="Image"/>
  <type type_id="File"/>
  
  <!-- 
  <type type_id="Folder">
   <bound-workflow workflow_id="folder_workflow"/>
  </type>
  <type type_id="Large Plone Folder">
   <bound-workflow workflow_id="folder_workflow"/>
  </type>
  <type type_id="Topic">
   <bound-workflow workflow_id="folder_workflow"/>
  </type>
  -->
 </bindings>
</object>
