<?xml version="1.0"?>
<object name="portal_types" meta_type="Plone Types Tool">
 <object name="ATBIFolder" meta_type="Factory-based Type Information"/>
 <object name="ComplexType" meta_type="Factory-based Type Information"/>
 <object name="DDocument" meta_type="Factory-based Type Information"/>
 <object name="Fact" meta_type="Factory-based Type Information"/>
 <object name="Refnode" meta_type="Factory-based Type Information"/>
 <object name="SimpleBTreeFolder" meta_type="Factory-based Type Information"/>
 <object name="SimpleFile" meta_type="Factory-based Type Information"/>
 <object name="SimpleFolder" meta_type="Factory-based Type Information"/>
 <object name="SimpleProtectedType"
    meta_type="Factory-based Type Information"/>
 <object name="SimpleType" meta_type="Factory-based Type Information"/>
 <object name="MySimpleType" meta_type="Factory-based Type Information"/>
</object>
