<?xml version="1.0"?>
<dc-workflow xmlns:i18n="http://xml.zope.org/namespaces/i18n"
             i18n:domain="plone"
             workflow_id="folder_workflow"
             title="Community Workflow for Folders"
             description="
- Used in conjunction with the Community workflow.
- Has no pending state.
- Allows owner to publish the folder without approval."
             state_variable="review_state"
             initial_state="visible"
             i18n:attributes="title; description">

 <permission>Access contents information</permission>
 <permission>List folder contents</permission>
 <permission>Modify portal content</permission>
 <permission>View</permission>

 <state state_id="private" title="Private" i18n:attributes="title">
  <description i18n:translate="">
    Can only be seen and edited by the owner.
  </description>
  <exit-transition transition_id="publish"/>
  <exit-transition transition_id="show"/>
  <permission-map name="Access contents information"
                  acquired="False">
   <permission-role>Manager</permission-role>
   <permission-role>Owner</permission-role>
   <permission-role>Editor</permission-role>
   <permission-role>Reader</permission-role>
   <permission-role>Contributor</permission-role>
  </permission-map>
  <permission-map name="List folder contents"
                  acquired="False">
   <permission-role>Manager</permission-role>
   <permission-role>Owner</permission-role>
   <permission-role>Editor</permission-role>
   <permission-role>Reader</permission-role>
   <permission-role>Contributor</permission-role>
  </permission-map>
  <permission-map name="Modify portal content"
                  acquired="False">
   <permission-role>Manager</permission-role>
   <permission-role>Owner</permission-role>
   <permission-role>Editor</permission-role>
  </permission-map>
  <permission-map name="View" acquired="False">
   <permission-role>Manager</permission-role>
   <permission-role>Owner</permission-role>
   <permission-role>Editor</permission-role>
   <permission-role>Reader</permission-role>
   <permission-role>Contributor</permission-role>
  </permission-map>

 </state>
 <state state_id="published" title="Published" i18n:attributes="title">
  <description i18n:translate="">
    Visible to everyone, not editable by the owner.
  </description>
  <exit-transition transition_id="hide"/>
  <exit-transition transition_id="retract"/>
  <permission-map name="Access contents information"
                  acquired="False">
   <permission-role>Anonymous</permission-role>
  </permission-map>
  <permission-map name="List folder contents"
                  acquired="False">
   <permission-role>Anonymous</permission-role>
  </permission-map>
  <permission-map name="Modify portal content"
                  acquired="False">
   <permission-role>Manager</permission-role>
   <permission-role>Owner</permission-role>
   <permission-role>Editor</permission-role>
  </permission-map>
  <permission-map name="View" acquired="False">
   <permission-role>Anonymous</permission-role>
  </permission-map>

 </state>
 <state state_id="visible" title="Public draft" i18n:attributes="title">
  <description i18n:translate="">
    Visible to everyone, but not approved by the reviewers.
  </description>
  <exit-transition transition_id="hide"/>
  <exit-transition transition_id="publish"/>
  <permission-map name="Access contents information"
                  acquired="False">
   <permission-role>Anonymous</permission-role>
  </permission-map>
  <permission-map name="List folder contents"
                  acquired="False">
   <permission-role>Manager</permission-role>
   <permission-role>Owner</permission-role>
   <permission-role>Editor</permission-role>
   <permission-role>Reader</permission-role>
   <permission-role>Contributor</permission-role>
   <permission-role>Member</permission-role>
  </permission-map>
  <permission-map name="Modify portal content"
                  acquired="False">
   <permission-role>Manager</permission-role>
   <permission-role>Owner</permission-role>
   <permission-role>Editor</permission-role>
  </permission-map>
  <permission-map name="View" acquired="False">
   <permission-role>Anonymous</permission-role>
  </permission-map>

 </state>

 <transition transition_id="hide" new_state="private"
             title="Make private"
             trigger="USER"
             before_script="" after_script=""
             i18n:attributes="title">
  <description i18n:translate="">
    Making an item private means that it will not be visible to anyone but the owner and the site administrator.
  </description>
  <action url="%(content_url)s/content_status_modify?workflow_action=hide"
          category="workflow"
          i18n:translate="">Make private</action>
  <guard>
   <guard-permission>Modify portal content</guard-permission>
  </guard>
 </transition>
 <transition transition_id="publish" new_state="published"
             title="Publish"
             trigger="USER"
             before_script="" after_script=""
             i18n:attributes="title">
  <description i18n:translate="">
    Publishing the item makes it visible to other users.
  </description>
  <action url="%(content_url)s/content_status_modify?workflow_action=publish"
          category="workflow"
          i18n:translate="">Publish</action>
  <guard>
   <guard-permission>Modify portal content</guard-permission>
  </guard>
 </transition>
 <transition transition_id="retract" new_state="visible"
             title="Retract"
             trigger="USER"
             before_script="" after_script=""
             i18n:attributes="title">
  <description i18n:translate="">
    If you submitted the item by mistake or want to perform additional edits, this will take it back.
  </description>
  <action url="%(content_url)s/content_status_modify?workflow_action=retract"
          category="workflow"
          i18n:translate="">Retract</action>
  <guard>
   <guard-permission>Modify portal content</guard-permission>
  </guard>
 </transition>
 <transition transition_id="show"    new_state="visible"
             title="Promote to public draft"
             trigger="USER"
             before_script="" after_script=""
             i18n:attributes="title">
  <description i18n:translate="">
    Promotes your folder to public draft state.
  </description>
  <action url="%(content_url)s/content_status_modify?workflow_action=show"
          category="workflow"
          i18n:translate="">Promote to Draft</action>
  <guard>
   <guard-permission>Modify portal content</guard-permission>
  </guard>
 </transition>

 <variable variable_id="action"         for_catalog="False"
           for_status="True" update_always="True">
  <description i18n:translate="">Previous transition</description>
  <default>
   
   <expression>transition/getId|nothing</expression>
  </default>
  <guard>
  </guard>
 </variable>
 <variable variable_id="actor"          for_catalog="False"
           for_status="True" update_always="True">
  <description i18n:translate="">
    The ID of the user who performed the last transition
  </description>
  <default>
   
   <expression>user/getId</expression>
  </default>
  <guard>
  </guard>
 </variable>
 <variable variable_id="comments"       for_catalog="False"
           for_status="True" update_always="True">
  <description i18n:translate="">Comment about the last transition</description>
  <default>
   
   <expression>python:state_change.kwargs.get('comment', '')</expression>
  </default>
  <guard>
  </guard>
 </variable>
 <variable variable_id="review_history" for_catalog="False"
           for_status="False" update_always="False">
  <description i18n:translate="">Provides access to workflow history</description>
  <default>
   
   <expression>state_change/getHistory</expression>
  </default>
  <guard>
   <guard-permission>Request review</guard-permission>
   <guard-permission>Review portal content</guard-permission>
  </guard>
 </variable>
 <variable variable_id="time"           for_catalog="False"
           for_status="True" update_always="True">
  <description i18n:translate="">
    When the previous transition was performed
  </description>
  <default>
   
   <expression>state_change/getDateTime</expression>
  </default>
  <guard>
  </guard>
 </variable>

</dc-workflow>
