<?xml version="1.0"?>
<object>
 <difftypes>
  <type portal_type="Document">
   <field name="any" difftype="Compound Diff for AT types"/>
  </type>
  <type portal_type="Event">
   <field name="any" difftype="Compound Diff for AT types"/>
  </type>
  <type portal_type="Favorite">
   <field name="any" difftype="Compound Diff for AT types"/>
  </type>
  <type portal_type="File">
   <field name="any" difftype="Compound Diff for AT types"/>
  </type>
  <type portal_type="Folder">
   <field name="any" difftype="Compound Diff for AT types"/>
  </type>
  <type portal_type="Image">
   <field name="any" difftype="Compound Diff for AT types"/>
  </type>
  <type portal_type="Link">
   <field name="any" difftype="Compound Diff for AT types"/>
  </type>
  <type portal_type="News Item">
   <field name="any" difftype="Compound Diff for AT types"/>
  </type>
 </difftypes>
</object>
