<?xml version="1.0"?>
<object name="ATRelativePathCriterion" meta_type="Factory-based Type Information"
   i18n:domain="plone" xmlns:i18n="http://xml.zope.org/namespaces/i18n">
 <property name="title" i18n:translate="">Relative Path Criterion</property>
 <property name="description"
     i18n:translate="">A relative path criterion</property>
 <property name="content_icon">document_icon.gif</property>
 <property name="content_meta_type">ATRelativePathCriterion</property>
 <property name="product">ATContentTypes</property>
 <property name="factory">addATRelativePathCriterion</property>
 <property name="immediate_view">base_edit</property>
 <property name="global_allow">False</property>
 <property name="filter_content_types">False</property>
 <property name="allowed_content_types"/>
 <property name="allow_discussion">False</property>
 <alias from="edit" to="base_edit"/>
 <action title="View" action_id="view" category="object" condition_expr=""
    url_expr="string:${object_url}/base_view" visible="True"
    i18n:attributes="title">
  <permission value="View"/>
 </action>
 <action title="Edit" action_id="edit" category="object" condition_expr=""
    url_expr="string:${object_url}/base_edit" visible="True"
    i18n:attributes="title">
  <permission value="Modify portal content"/>
 </action>
 <action title="Properties" action_id="metadata" category="object"
    condition_expr="" url_expr="string:${object_url}/base_metadata"
    visible="False" i18n:attributes="title">
  <permission value="Modify portal content"/>
 </action>
 <action title="References" action_id="references" category="object"
    condition_expr="object/archetype_tool/has_graphviz"
    url_expr="string:${object_url}/reference_graph" visible="False"
    i18n:attributes="title">
  <permission value="Modify portal content"/>
  <permission value="Review portal content"/>
 </action>
</object>
