<?xml version="1.0"?>
<object name="TempFolder" meta_type="Factory-based Type Information"
   i18n:domain="plone" xmlns:i18n="http://xml.zope.org/namespaces/i18n">
 <property name="title" i18n:translate=""></property>
 <property name="description"
     i18n:translate="">Use folders to put content in categories.</property>
 <property name="content_icon">folder_icon.gif</property>
 <property name="content_meta_type">TempFolder</property>
 <property name="product">CMFCore</property>
 <property name="factory">manage_addPortalFolder</property>
 <property name="immediate_view">folder_edit_form</property>
 <property name="global_allow">False</property>
 <property name="filter_content_types">False</property>
 <property name="allowed_content_types">
  <element value="Discussion Item"/>
  <element value="Document"/>
  <element value="Event"/>
  <element value="Favorite"/>
  <element value="File"/>
  <element value="Folder"/>
  <element value="Image"/>
  <element value="Large Plone Folder"/>
  <element value="Link"/>
  <element value="News Item"/>
  <element value="TempFolder"/>
  <element value="Topic"/>
 </property>
 <property name="allow_discussion">False</property>
 <alias from="(Default)" to="index_html"/>
 <alias from="view" to="index_html"/>
 <action title="View" action_id="view" category="object" condition_expr=""
    url_expr="string:${object_url}" visible="True"
    i18n:attributes="title">
  <permission value="View"/>
 </action>
 <action title="Edit" action_id="edit" category="object" condition_expr=""
    url_expr="string:${object_url}/folder_edit_form" visible="True"
    i18n:attributes="title">
  <permission value="Manage properties"/>
 </action>
 <action title="Local Roles" action_id="localroles" category="object"
    condition_expr="" url_expr="string:${object_url}/@@sharing"
    visible="True" i18n:attributes="title">
  <permission value="Change local roles"/>
 </action>
 <action title="Folder contents" action_id="folderContents" category="object"
    condition_expr="" url_expr="string:${object_url}/folder_contents"
    visible="True" i18n:attributes="title">
  <permission value="List folder contents"/>
 </action>
</object>
