<?xml version="1.0"?>
<object name="simple-publication" meta_type="WorkflowPolicy">
 <property name="title">Simple publication</property>
 <bindings>
  <default>
   <bound-workflow workflow_id="simple_publication_workflow"/>
  </default>
  <type default_chain="true" type_id="Document"/>
  <type default_chain="true" type_id="Event"/>
  <type type_id="File">
  </type>
  <type default_chain="true" type_id="Folder"/>
  <type type_id="Image">
  </type>
  <type default_chain="true" type_id="Large Plone Folder"/>
  <type default_chain="true" type_id="Link"/>
  <type default_chain="true" type_id="News Item"/>
  <type default_chain="true" type_id="Topic"/>
 </bindings>
</object>
