<?xml version="1.0"?>
<object name="portal_languages" meta_type="Plone Language Tool">
 <default_language value="en"/>
 <use_content_negotiation value="False"/>
 <use_path_negotiation value="False"/>
 <use_cookie_negotiation value="True"/>
 <authenticated_users_only value="False"/>
 <use_request_negotiation value="False"/>
 <use_cctld_negotiation value="False"/>
 <use_subdomain_negotiation value="False"/>
 <use_combined_language_codes value="False"/>
 <display_flags value="False"/>
 <start_neutral value="False"/>
 <supported_langs>
  <element value="en"/>
 </supported_langs>
</object>
